{
  "results": [
    {
      "name": "CNN+RF",
      "train_time": 8.958891200000004,
      "infer_time": 0.002836199999997291,
      "rf_params": {
        "n_estimators": 50,
        "max_depth": 20,
        "max_leaf_nodes": 1500,
        "min_samples_split": 2,
        "min_samples_leaf": 1,
        "criterion": "gini"
      },
      "cnn_history": {
        "accuracy": [
          0.9168750047683716,
          0.9806249737739563,
          0.9862499833106995,
          0.9881250262260437,
          0.9906250238418579,
          0.9925000071525574,
          0.9925000071525574,
          0.9937499761581421,
          0.9937499761581421,
          0.9943749904632568,
          0.9943749904632568,
          0.9950000047683716,
          0.9950000047683716,
          0.9956250190734863,
          0.9956250190734863,
          0.9956250190734863,
          0.9956250190734863,
          0.9956250190734863,
          0.9956250190734863,
          0.9962499737739563,
          0.996874988079071,
          0.996874988079071,
          0.996874988079071,
          0.996874988079071,
          0.996874988079071,
          0.996874988079071,
          0.996874988079071,
          0.996874988079071,
          0.9962499737739563,
          0.9962499737739563,
          0.9962499737739563,
          0.9962499737739563,
          0.996874988079071,
          0.9975000023841858,
          0.9975000023841858,
          0.9975000023841858,
          0.9975000023841858,
          0.9975000023841858,
          0.9981250166893005,
          0.9981250166893005,
          0.9981250166893005,
          0.9981250166893005,
          0.9981250166893005,
          0.9981250166893005,
          0.9981250166893005,
          0.9987499713897705,
          0.9987499713897705,
          0.9987499713897705,
          0.9993749856948853,
          0.9993749856948853,
          0.9993749856948853,
          0.9993749856948853,
          0.9993749856948853,
          0.9993749856948853,
          0.9993749856948853,
          0.9993749856948853,
          0.9993749856948853,
          0.9993749856948853,
          1.0,
          1.0,
          0.9993749856948853,
          1.0,
          1.0,
          1.0,
          1.0,
          1.0,
          1.0,
          1.0,
          1.0,
          1.0,
          1.0,
          1.0,
          1.0,
          1.0,
          1.0,
          1.0,
          1.0,
          1.0,
          1.0,
          1.0,
          1.0,
          1.0,
          1.0,
          1.0,
          1.0,
          1.0,
          1.0,
          1.0,
          1.0,
          1.0,
          1.0,
          1.0,
          1.0,
          1.0,
          1.0,
          1.0,
          1.0,
          1.0,
          1.0,
          1.0
        ],
        "loss": [
          0.5501289963722229,
          0.21823960542678833,
          0.07107531279325485,
          0.04636478051543236,
          0.03877658024430275,
          0.03428470715880394,
          0.03121083974838257,
          0.028951244428753853,
          0.027120070531964302,
          0.025648826733231544,
          0.024415118619799614,
          0.02333918958902359,
          0.022316832095384598,
          0.02137819118797779,
          0.020498717203736305,
          0.01965416595339775,
          0.01880774460732937,
          0.017978789284825325,
          0.017125558108091354,
          0.016287339851260185,
          0.015439556911587715,
          0.014592831954360008,
          0.013761008158326149,
          0.012965274974703789,
          0.012166004627943039,
          0.01141190156340599,
          0.01071114744991064,
          0.01006593182682991,
          0.009502027183771133,
          0.008969207294285297,
          0.008489342406392097,
          0.008064322173595428,
          0.007652017287909985,
          0.007299106568098068,
          0.006963595747947693,
          0.0066382125951349735,
          0.006337696220725775,
          0.006034328136593103,
          0.005756791681051254,
          0.005503354128450155,
          0.005214399192482233,
          0.004986678250133991,
          0.0047544329427182674,
          0.004487722180783749,
          0.004266703501343727,
          0.004059800412505865,
          0.0038241955917328596,
          0.003645143238827586,
          0.0034643011167645454,
          0.0032311221584677696,
          0.0030910479836165905,
          0.00287948758341372,
          0.0027524379547685385,
          0.0025651154574006796,
          0.0024161264300346375,
          0.0022677509114146233,
          0.002113833324983716,
          0.0020612459629774094,
          0.0018621557392179966,
          0.0017864122055470943,
          0.0017314594006165862,
          0.0015487557975575328,
          0.0014781017089262605,
          0.001414702390320599,
          0.0012921605957672,
          0.0012630544370040298,
          0.0011545735178515315,
          0.001093246042728424,
          0.0010670905467122793,
          0.0009785903384909034,
          0.000930120178963989,
          0.0008935697260312736,
          0.0008475397480651736,
          0.0007910962449386716,
          0.0007672108476981521,
          0.000722473138011992,
          0.0006783320568501949,
          0.0006610166165046394,
          0.0006230158032849431,
          0.0005985379102639854,
          0.0005764416418969631,
          0.0005411988240666687,
          0.0005286569357849658,
          0.0005016414215788245,
          0.00047571799950674176,
          0.0004626955196727067,
          0.0004426469386089593,
          0.00042113769450224936,
          0.00040976089076139033,
          0.0003935607383027673,
          0.0003734088677447289,
          0.0003639446513261646,
          0.00035039198701269925,
          0.00033861491829156876,
          0.0003224833635613322,
          0.0003163798537570983,
          0.00030386660364456475,
          0.000292305980110541,
          0.0002827972057275474,
          0.00027352021425031126
        ],
        "val_accuracy": [
          0.9800000190734863,
          0.9900000095367432,
          0.9950000047683716,
          0.9950000047683716,
          0.9950000047683716,
          0.9950000047683716,
          0.9950000047683716,
          1.0,
          1.0,
          1.0,
          1.0,
          1.0,
          1.0,
          1.0,
          1.0,
          1.0,
          1.0,
          1.0,
          1.0,
          1.0,
          1.0,
          1.0,
          1.0,
          1.0,
          1.0,
          1.0,
          1.0,
          1.0,
          1.0,
          1.0,
          1.0,
          1.0,
          1.0,
          1.0,
          1.0,
          1.0,
          1.0,
          1.0,
          1.0,
          1.0,
          1.0,
          1.0,
          1.0,
          1.0,
          1.0,
          1.0,
          1.0,
          1.0,
          1.0,
          1.0,
          1.0,
          1.0,
          1.0,
          1.0,
          1.0,
          1.0,
          1.0,
          1.0,
          1.0,
          1.0,
          1.0,
          1.0,
          1.0,
          1.0,
          1.0,
          1.0,
          1.0,
          1.0,
          1.0,
          1.0,
          1.0,
          1.0,
          1.0,
          1.0,
          1.0,
          1.0,
          1.0,
          1.0,
          1.0,
          1.0,
          1.0,
          1.0,
          1.0,
          1.0,
          1.0,
          1.0,
          1.0,
          1.0,
          1.0,
          1.0,
          1.0,
          1.0,
          1.0,
          1.0,
          1.0,
          1.0,
          1.0,
          1.0,
          1.0,
          1.0
        ],