{
  "results": [
    {
      "name": "CNN+RF",
      "train_time": 9.2169266,
      "infer_time": 0.002532700000003274,
      "rf_params": {
        "n_estimators": 50,
        "max_depth": 20,
        "max_leaf_nodes": 1500,
        "min_samples_split": 2,
        "min_samples_leaf": 1,
        "criterion": "gini"
      },
      "cnn_history": {
        "accuracy": [
          0.6412500143051147,
          0.8337500095367432,
          0.9325000047683716,
          0.9462500214576721,
          0.9662500023841858,
          0.9693750143051147,
          0.9775000214576721,
          0.987500011920929,
          0.9925000071525574,
          0.9975000023841858,
          0.9987499713897705,
          1.0,
          1.0,
          1.0,
          1.0,
          1.0,
          1.0,
          1.0,
          1.0,
          1.0,
          1.0,
          1.0,
          1.0,
          1.0,
          1.0,
          1.0,
          1.0,
          1.0,
          1.0,
          1.0,
          1.0,
          1.0,
          1.0,
          1.0,
          1.0,
          1.0,
          1.0,
          1.0,
          1.0,
          1.0,
          1.0,
          1.0,
          1.0,
          1.0,
          1.0,
          1.0,
          1.0,
          1.0,
          1.0,
          1.0,
          1.0,
          1.0,
          1.0,
          1.0,
          1.0,
          1.0,
          1.0,
          1.0,
          1.0,
          1.0,
          1.0,
          1.0,
          1.0,
          1.0,
          1.0,
          1.0,
          1.0,
          1.0,
          1.0,
          1.0,
          1.0,
          1.0,
          1.0,
          1.0,
          1.0,
          1.0,
          1.0,
          1.0,
          1.0,
          1.0,
          1.0,
          1.0,
          1.0,
          1.0,
          1.0,
          1.0,
          1.0,
          1.0,
          1.0,
          1.0,
          1.0,
          1.0,
          1.0,
          1.0,
          1.0,
          1.0,
          1.0,
          1.0,
          1.0,
          1.0
        ],
        "loss": [
          0.6075518131256104,
          0.42313143610954285,
          0.25568002462387085,
          0.14266584813594818,
          0.09880330413579941,
          0.08060817420482635,
          0.06631450355052948,
          0.05202605575323105,
          0.040385130792856216,
          0.031361714005470276,
          0.023979581892490387,
          0.017951462417840958,
          0.013297735713422298,
          0.009985169395804405,
          0.007687866687774658,
          0.006038207560777664,
          0.004826754797250032,
          0.003920683637261391,
          0.0032494438346475363,
          0.0027313523460179567,
          0.0023303981870412827,
          0.0020120481494814157,
          0.0017547964816913009,
          0.0015443181619048119,
          0.0013677600072696805,
          0.0012203371152281761,
          0.001095312531106174,
          0.0009868245106190443,
          0.000893862103112042,
          0.000812527840025723,
          0.0007418051245622337,
          0.000680358789395541,
          0.0006258206558413804,
          0.0005776607431471348,
          0.0005350186838768423,
          0.0004967778804711998,
          0.00046282997936941683,
          0.00043216830817982554,
          0.0004045974346809089,
          0.00037941173650324345,
          0.0003567066742107272,
          0.00033566635102033615,
          0.0003166327951475978,
          0.0002989495114888996,
          0.0002828411525115371,
          0.0002679154567886144,
          0.00025425825151614845,
          0.00024136676802299917,
          0.00022949078993406147,
          0.0002184978366130963,
          0.00020815304014831781,
          0.00019855679420288652,
          0.00018956731946673244,
          0.00018128966621588916,
          0.00017339778423774987,
          0.00016602841787971556,
          0.0001591181062394753,
          0.00015244472888298333,
          0.0001447241083951667,
          0.00013671796477865428,
          0.00012986628280486912,
          0.00012411038915161043,
          0.0001186353838420473,
          0.00011379158968338743,
          0.00010913908772636205,
          0.00010481926437932998,
          0.00010073326848214492,
          9.682538075139746e-05,
          9.327860607299954e-05,
          8.979513950180262e-05,
          8.656487625557929e-05,
          8.345874812221155e-05,
          8.053436613408849e-05,
          7.780842133797705e-05,
          7.504264794988558e-05,
          7.252171053551137e-05,
          7.010658737272024e-05,
          6.783262506360188e-05,
          6.563444912899286e-05,
          6.35264950687997e-05,
          6.153169670142233e-05,
          5.963991497992538e-05,
          5.7797467889031395e-05,
          5.6049073464237154e-05,
          5.4376203479478136e-05,
          5.277264426695183e-05,
          5.123296796227805e-05,
          4.975519550498575e-05,
          4.8341531510232016e-05,
          4.6978915634099394e-05,
          4.566005736705847e-05,
          4.4414693547878414e-05,
          4.319285653764382e-05,
          4.203686330583878e-05,
          4.088861896889284e-05,
          3.978110908064991e-05,
          3.8730522646801546e-05,
          3.7721660191891715e-05,
          3.67429711332079e-05,
          3.5804492654278874e-05
        ],
        "val_accuracy": [
          0.7649999856948853,
          0.9200000166893005,
          0.9350000023841858,
          0.9549999833106995,
          0.9549999833106995,
          0.9700000286102295,
          0.9599999785423279,
          0.9649999737739563,
          0.9750000238418579,
          0.9850000143051147,
          0.9900000095367432,
          0.9900000095367432,
          0.9900000095367432,
          1.0,
          1.0,
          1.0,
          1.0,
          1.0,
          1.0,
          1.0,
          1.0,
          1.0,
          1.0,
          1.0,
          1.0,
          1.0,
          1.0,
          1.0,
          1.0,
          1.0,
          1.0,
          1.0,
          1.0,
          1.0,
          1.0,
          1.0,
          1.0,
          1.0,
          1.0,
          1.0,
          1.0,
          1.0,
          1.0,
          1.0,
          1.0,
          1.0,
          1.0,
          1.0,
          1.0,
          1.0,
          1.0,
          1.0,
          1.0,
          1.0,
          1.0,
          1.0,
          1.0,
          1.0,
          1.0,
          1.0,
          1.0,
          1.0,
          1.0,
          1.0,
          1.0,
          1.0,
          1.0,
          1.0,
          1.0,
          1.0,
          1.0,
          1.0,
          1.0,
          1.0,
          1.0,
          1.0,
          1.0,
          1.0,
          1.0,
          1.0,
          1.0,
          1.0,
          1.0,
          1.0,
          1.0,
          1.0,
          1.0,
          1.0,
          1.0,
          1.0,
          1.0,
          1.0,
          1.0,
          1.0,
          1.0,
          1.0,
          1.0,
          1.0,
          1.0,
          1.0
        ],